2.55261562e-02,6.71447835e-03,3.17685736e-02,2.61853522e-03,-3.48036237e-03,-2.87353418e-03,2.59084546e-02,-2.70122712e-03,7.15942631e-03,1.29392285e-02,1.04658217e-02,2.09556013e-02,1.41454367e-02,1.72631279e-03,-1.72757687e-02,-9.62120406e-03,2.12171036e-02,5.73572361e-03,8.50685621e-03,1.46754079e-03,3.08280960e-03,2.29613968e-02,-1.11291464e-02,1.41425137e-02,4.95312057e-03,2.48001730e-02,-1.01138941e-03,1.43860348e-02,1.16787284e-02,-3.14944884e-02,-7.08203344e-04,1.83649009e-02,1.09087703e-02,1.99179479e-03,1.54137653e-02,2.88993807e-02,-8.31679361e-03,9.25231389e-03,-3.44786958e-03,7.70649974e-03,-4.97782608e-03,2.38080139e-02,3.14101550e-02,-1.26275147e-02,9.97181937e-03,8.18808402e-03,3.40597377e-02,1.47839269e-02,1.05614398e-02,1.80063281e-02,-1.52758110e-02,-3.64308900e-02,-5.12566035e-02,-2.86884342e-02,-2.70383502e-02,2.02031909e-02,-5.45144912e-03,7.56905937e-03,1.77818898e-02,2.78586362e-02,8.97160812e-04,1.17088019e-02,1.51420330e-02,1.37318694e-02,4.14171742e-03,-5.91017656e-03,1.43471720e-02,1.65668849e-02,-3.04186300e-02,1.01701866e-02,1.18714110e-02,2.42208796e-02,-1.34561825e-03,3.00597511e-02,2.83922602e-03,2.23210993e-02,1.57070029e-02,2.22290033e-02,1.10174858e-02,-5.72577727e-02,1.02772763e-02,1.59093733e-02,1.39595818e-02,4.44769039e-02,-5.05306588e-03,3.06976285e-02,1.52180759e-02,9.57044164e-03,2.45973344e-02,-1.26989852e-02,1.65806566e-02,1.48955900e-02,-5.39199265e-04,2.89414268e-02,-4.69679994e-03,-7.38527685e-02,-4.38020622e-02,-4.87406146e-02,-2.46264850e-02,-7.75102815e-03,-1.06777496e-02,-9.77588177e-03,6.64284327e-03,-3.90022383e-02,-8.25077357e-03,-1.00179511e-02,-4.95674641e-02,-1.11420192e-02,-4.80871628e-03,7.99430004e-03,-8.79780630e-04,1.59688936e-02,1.17292520e-02,-7.39455541e-02,-7.21604125e-03,-5.12576813e-03,1.89542560e-02,-2.91492164e-03,-9.52390175e-03,-3.19690564e-02,-6.28989051e-02,1.36366537e-02,1.82106104e-02,-2.24053868e-02,-3.09881969e-02,-3.54263910e-02,2.00072429e-02,2.43332585e-03,6.19001986e-03,-2.87864838e-02,4.30508670e-02,1.85925608e-02,-4.30765025e-02,-2.35056347e-02,-7.98623080e-02,-7.19516566e-03,-3.87885507e-02,-2.54106010e-01,-1.10995454e-01,1.27188162e-01,3.47556011e-01,3.42781828e-01,-1.60181302e-01,3.03386749e-01,-3.82709691e-01,8.59488948e-03,1.08577713e-01,-1.53958610e-02,-3.95686702e-01,-1.68743811e-01,-1.75323870e-01,-3.13513896e-01,2.29963334e-02
1.02031605e-01,1.03688656e-01,9.12616935e-02,5.56246342e-02,1.23219479e-01,1.06719829e-01,1.01099089e-01,7.43469218e-02,7.23269621e-02,8.06651652e-02,1.59730500e-02,3.73382264e-02,5.91524572e-02,4.13231839e-02,-1.81515689e-02,2.04652317e-03,1.65965226e-01,1.40305271e-01,9.02756558e-02,9.11433960e-02,1.64262084e-01,1.22589960e-01,6.41842269e-02,5.85781315e-02,4.35098743e-02,3.78593712e-02,7.26695756e-03,4.20140650e-02,5.44565254e-02,-2.44197112e-02,1.71833043e-02,6.74286743e-02,3.76195914e-02,9.21745666e-03,7.27770559e-02,5.99853690e-02,8.57168919e-03,1.33827636e-02,-2.13723214e-02,-2.81893005e-02,-4.82686195e-02,1.42741405e-02,1.64994991e-02,-5.91998847e-02,-2.35706343e-02,7.68915840e-02,4.58335187e-02,6.05990677e-03,5.84919317e-02,1.65789186e-02,2.29770069e-02,-4.64453030e-02,-5.60924981e-02,-5.83061569e-02,-7.40725490e-02,3.45513189e-03,-4.18333798e-02,-4.00072502e-02,1.49809098e-01,1.30637332e-01,9.97910614e-02,1.35226832e-01,1.09690509e-01,1.22210694e-01,4.99339387e-02,1.33073293e-02,4.95377372e-02,7.12840036e-02,1.61250284e-03,3.88017202e-02,1.25179182e-01,1.15066682e-01,9.59622406e-02,1.05569080e-01,4.22763830e-02,7.44462574e-02,6.94922614e-02,5.00711311e-02,4.93647438e-02,-4.52814957e-02,1.96910933e-02,5.24951664e-02,1.03848735e-02,4.56754517e-02,1.40176555e-02,2.36343574e-02,-2.35614813e-02,-2.92205677e-02,3.60392607e-02,-5.72622347e-02,-1.55989698e-02,2.57396116e-02,-1.57071256e-02,4.22910857e-02,1.40358478e-02,-6.86268427e-02,-6.33121550e-02,-8.17749620e-02,-2.98880338e-02,-2.06375382e-02,-7.43766794e-03,-2.63136063e-02,-1.21548599e-02,-7.13045319e-02,-5.16669876e-02,-4.14998916e-02,-9.37344943e-02,-7.62148469e-02,-2.96859115e-02,1.09169559e-02,6.48523998e-03,-5.36137245e-02,-4.70230896e-02,-1.06799567e-01,-4.45764367e-02,-2.70611133e-02,-4.37109331e-02,-6.94393234e-02,-1.01353560e-01,-1.30231573e-01,-1.38550659e-01,-3.72119711e-02,-4.93833957e-02,-1.06861391e-01,-1.39243138e-01,-1.16601300e-01,5.06534603e-02,-1.01819411e-02,-4.22296293e-02,-9.87874821e-02,-9.38490178e-02,-6.38044383e-02,-8.63261489e-02,-1.00615276e-01,-1.65073482e-01,-7.71922865e-02,-5.58990076e-02,-4.23345123e-02,-2.88541256e-02,-2.08288490e-01,-2.03480668e-01,-1.87665480e-01,2.59638336e-02,-1.82520952e-01,2.70033329e-03,-1.48161024e-01,-1.06788183e-01,-5.72713283e-03,-9.42696958e-02,1.98697767e-01,-5.06754110e-04,-2.14918122e-01,1.08653245e-01
3.82904263e-02,6.40113736e-02,2.44750163e-02,3.73930476e-02,7.92705678e-02,8.67043231e-02,4.02051238e-02,5.49175761e-02,2.61106375e-02,3.09540735e-02,-8.84114740e-03,-2.01787336e-02,3.53397812e-02,3.93495556e-02,1.95996936e-03,1.92346430e-02,8.16296450e-02,7.19933349e-02,5.48098486e-02,3.37379240e-02,1.01338903e-01,6.61022049e-02,4.20385596e-02,1.78353635e-02,2.86015610e-02,-1.23470727e-02,-2.00535654e-02,6.85665605e-03,1.45299467e-02,-1.24832985e-02,5.13528130e-03,2.17774595e-02,7.07988821e-03,-1.33080927e-02,3.48601077e-02,5.86031483e-04,-1.47303409e-04,-4.20697025e-03,-7.57928703e-03,-3.32102812e-02,-2.95014022e-02,-3.35807746e-02,-4.62238349e-02,-6.24891217e-02,-3.92195075e-02,3.98459838e-02,2.37525425e-03,4.51243119e-03,5.32166663e-02,-1.16553841e-02,2.68362376e-02,-1.23037090e-02,7.41766030e-03,-3.34854372e-02,-5.37969355e-02,-2.44709309e-02,-5.03053617e-02,-3.93059387e-02,7.62126694e-02,6.85609140e-02,7.89755668e-02,8.67954714e-02,5.14097067e-02,3.64885250e-02,4.80415859e-02,3.52935388e-02,1.88423865e-02,3.99426450e-02,-4.24605098e-03,8.61135855e-04,1.35532930e-01,1.10828387e-01,5.22595751e-02,3.40815010e-02,2.91575448e-02,3.98352944e-02,1.38264766e-02,6.57945775e-03,2.91063129e-02,-3.24281675e-03,1.20303095e-02,7.75361532e-03,-2.17031044e-02,-1.36446615e-03,8.76647341e-03,-8.65175576e-03,-3.51465291e-02,-4.55217621e-02,-5.11984836e-03,-6.63760183e-02,-5.30404442e-02,-3.04968724e-02,-1.01155622e-02,-1.95913950e-02,3.96085055e-03,4.53705693e-04,-2.96538862e-02,-3.53067081e-02,-1.90002357e-02,-4.86421205e-03,-2.02565595e-02,-6.78532554e-03,-2.45144092e-02,-5.17384450e-02,-2.41901589e-02,-4.38755012e-02,-5.02863832e-02,-6.17596507e-02,-1.92485822e-02,-1.28922887e-02,1.04928554e-02,-5.89676724e-02,-7.96186578e-02,-3.25675841e-02,-4.71969841e-02,-2.54998734e-02,-6.95374485e-02,-4.14750730e-02,-8.25835498e-02,-1.04711122e-01,-7.17880613e-02,-7.17709185e-02,-8.85540140e-02,-1.04039234e-01,-1.18004327e-01,-1.06986293e-01,-1.27428186e-02,-3.96292565e-02,-4.55974094e-02,-6.01366490e-02,2.29384637e-01,-6.63811106e-02,-4.23662502e-02,-6.59929701e-02,-9.20633580e-02,-7.45000852e-02,4.92620281e-02,7.52135238e-02,3.14393363e-02,3.74161074e-01,1.61097229e-01,1.72200787e-01,-1.55133857e-02,2.33313502e-01,1.75702719e-01,1.23784136e-01,1.28397892e-02,9.13474132e-03,2.72983910e-01,-2.31103296e-01,4.93139340e-02,4.22569043e-01,-1.22962644e-01
-8.43085365e-02,-5.34007790e-02,-3.16786173e-02,-3.26712793e-02,-4.08421041e-02,-4.33509477e-02,-1.98888523e-02,-3.81047799e-02,-8.77810107e-03,-2.43439709e-03,2.39013533e-02,-5.37394605e-03,-7.74644137e-03,6.24988164e-03,-1.18475270e-02,1.05416888e-02,-5.10656189e-02,-5.63900746e-02,-3.68191750e-03,-2.74399485e-02,-3.97198921e-02,-4.64400332e-02,-2.61366138e-02,-1.77417842e-02,3.69079425e-03,-7.32447567e-03,-1.71239916e-02,-2.35356181e-03,-1.33896817e-02,-3.75696254e-02,-2.27458430e-03,-1.99111648e-02,2.82657875e-02,1.97028855e-02,2.14310526e-02,7.13902854e-03,3.39686943e-02,1.87306474e-02,3.61793857e-02,2.56941548e-02,2.59709130e-02,-2.04999198e-02,5.13488999e-04,-1.24610608e-02,4.19958486e-03,-2.35416762e-02,6.35955885e-03,1.23253065e-03,3.94919177e-02,9.40048705e-03,2.76065795e-02,-1.49264620e-02,4.68476138e-02,6.51919840e-03,2.18591378e-02,1.90664538e-02,-5.23384410e-03,1.90752383e-03,-3.70350958e-02,-3.90166149e-03,2.69060372e-03,-2.72384726e-02,-4.19374912e-02,-2.61002350e-02,2.36273222e-02,3.31608986e-02,2.79869905e-03,2.21282763e-02,5.48701650e-03,6.85815833e-03,-3.40303521e-02,1.58265628e-02,3.74927923e-03,-6.54408204e-02,-3.33699222e-02,4.37826918e-03,-2.29750426e-02,-5.30666619e-02,-2.24662668e-03,-2.02915004e-02,-1.28131609e-02,3.33769728e-02,8.15775455e-03,-2.09962812e-02,-1.40449055e-03,3.19648181e-03,6.91040571e-03,-2.28621592e-03,-4.53533893e-02,-1.86949848e-02,-2.56927602e-02,-5.71118897e-04,4.60495305e-02,-2.64091345e-02,2.25185996e-02,-1.35466646e-02,-1.74914956e-02,-4.51797715e-03,-2.48532436e-02,5.07833293e-03,2.48211393e-02,7.05644988e-03,-4.50331702e-04,-1.27212513e-02,3.08923621e-02,3.93301196e-03,1.40212106e-03,1.14984737e-02,3.46798722e-02,3.53605148e-02,1.20815319e-02,2.85485504e-02,3.08047918e-03,2.59526002e-03,1.35941234e-02,2.01688712e-03,3.64531175e-03,-1.85521746e-02,-1.23325989e-02,-2.05406186e-02,-2.29680098e-02,-2.70498017e-02,-5.84543462e-03,-4.71505487e-02,-3.05734697e-02,-4.13297779e-02,-2.33391831e-03,-6.33275167e-03,1.92546488e-02,4.30695643e-02,5.20513372e-02,2.14225510e-02,-4.58165456e-03,-3.35330009e-02,-1.48411131e-02,-2.96075408e-02,-2.31868070e-01,-1.97208124e-01,-2.34821797e-01,3.50857385e-01,-3.08267126e-01,-2.76789342e-01,-2.62438894e-01,-1.42947245e-01,-5.18173932e-02,-2.49754480e-01,-3.14652199e-01,-2.06474955e-01,-5.22527415e-02,-3.64380977e-01,-1.67378199e-01,7.28144799e-02,2.49954408e-02
-6.07900010e-02,-5.45116926e-02,-2.89459865e-02,-5.53282655e-02,-6.39375698e-02,-5.99158528e-02,-2.35471576e-02,-3.03730374e-02,6.36033045e-03,2.93894668e-03,1.65727150e-02,1.28078575e-02,-4.08423749e-02,-4.14476289e-02,-1.03020188e-01,-7.01046455e-02,-5.18645604e-02,4.22765422e-03,-5.81477754e-02,-4.05910799e-02,-6.21024636e-02,-5.43500849e-02,-3.65504920e-02,5.37734002e-02,-6.06164657e-03,3.57426574e-02,4.35325608e-02,6.02363134e-02,4.60017004e-02,-2.31032835e-02,9.64283460e-03,1.07038645e-02,7.35849366e-02,5.31452976e-02,-5.23750784e-02,4.41025992e-02,3.00102848e-02,8.06638440e-02,-1.49232989e-02,-1.65246194e-02,1.50525373e-02,6.54364338e-02,8.55101590e-02,-1.33272975e-02,-2.81963767e-02,-5.14063082e-02,3.41135384e-02,-2.65066535e-02,-8.82027486e-02,1.47290827e-02,5.32938077e-03,-4.30309042e-02,-7.36401264e-02,-5.34116749e-02,-1.96681893e-02,-1.64648538e-02,-4.79728793e-02,-6.75956978e-02,-3.37839409e-02,-2.09125579e-03,-8.82734245e-02,-4.28151188e-02,1.05656044e-03,-4.85421775e-03,-3.78866611e-02,-9.65342442e-02,-3.20424698e-02,-5.00857737e-02,-4.52786435e-02,-6.33796038e-02,1.99281504e-02,-6.80709688e-02,-7.08857668e-02,-8.30218308e-02,-3.25671225e-02,-2.55804059e-02,-7.18033591e-02,-2.53286079e-02,-2.68657868e-02,-6.62200646e-02,-1.46167710e-02,9.97144599e-02,9.85433487e-03,1.62378790e-02,2.82609907e-02,2.22306388e-02,-5.69188042e-02,1.70645004e-02,5.11459740e-02,-1.53415407e-02,2.32745618e-02,6.31967863e-02,3.30626523e-02,5.76001902e-02,1.02735760e-01,-4.52178328e-04,-5.21499848e-02,-1.66632107e-02,-1.63034786e-02,-6.77816610e-02,3.67414936e-02,-6.18137331e-02,7.21989109e-02,2.90391223e-02,6.56210255e-02,8.13639088e-02,-4.10926867e-02,-4.13959491e-02,-8.55257337e-02,-1.59853436e-03,-6.03541142e-02,1.17519877e-02,5.36706358e-02,-3.34799686e-02,-1.91345040e-02,5.97878471e-02,4.43176944e-03,-1.00612493e-01,-3.94116126e-02,-3.42125580e-02,-3.75590457e-02,5.82583151e-02,6.03070357e-02,-3.11806377e-02,-3.11967594e-02,-1.21561614e-02,2.07725340e-02,3.14766264e-02,5.13082754e-02,-1.06802277e-02,1.42316505e-01,1.79270919e-02,7.54023677e-03,-8.74695541e-02,-3.76302355e-02,1.22630117e-02,-7.73782087e-02,-9.19469293e-02,-4.25265007e-02,1.19430142e-01,5.94895856e-02,2.55804236e-02,-4.80875267e-02,3.52224519e-01,3.59077897e-01,-2.41495567e-01,-2.96385909e-01,2.01134658e-01,-5.12118092e-03,3.11485294e-01,2.64842489e-01,-1.17418359e-01,5.18818833e-02
1.22510176e-01,3.55446747e-02,9.27371487e-02,5.07331088e-02,3.83009578e-02,2.13155636e-02,8.37833460e-02,8.48635593e-02,-4.66228994e-02,-4.58482709e-02,1.75658593e-02,4.11171021e-02,-8.17783633e-02,-8.16615292e-02,-9.84806061e-03,-8.72771424e-03,1.76612982e-01,7.41884419e-02,-5.42465669e-03,9.20611586e-02,6.83071456e-02,7.64303104e-02,7.99865657e-02,-2.15519781e-02,-6.55424506e-02,-2.60212037e-02,7.89486218e-02,-6.82374361e-02,-2.61179364e-02,4.47472031e-02,8.49637840e-02,-9.39902261e-02,-9.72969333e-02,-4.70049350e-02,-8.25187413e-02,-1.59492969e-02,-1.22742950e-02,-3.16686331e-02,-8.83387621e-02,7.37390926e-02,3.90691482e-02,-2.08880756e-02,-5.77234187e-02,2.09609932e-02,4.91084486e-02,-6.25600043e-02,4.70146893e-02,-4.34196050e-02,-1.98490874e-01,3.92322588e-04,-5.19527079e-02,-3.60703317e-02,-1.30971863e-01,6.53076423e-02,-2.46922959e-03,-1.36142014e-01,6.18619552e-02,7.10258813e-02,1.03592543e-01,1.23296038e-01,9.05575570e-02,3.28267754e-02,1.23316671e-01,1.31488083e-01,-1.81548017e-01,-5.82502985e-02,-7.16580951e-02,-1.13424644e-01,3.87409377e-02,2.98924908e-02,4.13970018e-03,-5.37346170e-02,1.16505898e-01,3.87053340e-02,6.59053397e-02,-1.20615655e-01,-7.27088843e-02,4.70359834e-02,-4.46507855e-02,9.53317442e-03,1.28651657e-01,-1.06600909e-01,-4.05414870e-02,6.23592051e-02,9.44319358e-03,-3.78251300e-02,-2.38496834e-02,-5.70404023e-02,4.42445475e-02,7.03268102e-02,1.04261078e-01,-4.41225126e-02,-4.54921934e-02,-1.65415009e-02,-8.00340808e-02,-5.65263984e-02,5.76645636e-02,1.60508258e-03,2.01490313e-01,1.65050284e-01,-2.73551282e-02,-6.55931814e-02,-6.20638550e-02,3.61372658e-02,-5.78090855e-02,-1.05620113e-02,-8.67096132e-05,-1.43824385e-02,-2.11328146e-01,-2.11997564e-02,-1.19147215e-01,-8.29632395e-02,1.85122675e-02,-6.08295931e-03,8.91532294e-02,6.72214275e-02,-5.75775467e-02,1.33068286e-01,8.33431794e-02,6.46593482e-02,2.44945501e-02,5.85227895e-02,-8.68073763e-04,1.56844718e-01,-6.46650103e-03,1.39640584e-01,-8.93849470e-02,-8.03048460e-03,4.04527422e-02,-3.63092236e-02,-5.03062489e-02,-5.27389030e-02,-8.04519589e-02,1.99581798e-01,2.96756020e-02,2.83704577e-01,-9.20646948e-02,-4.50909473e-02,-3.55730512e-02,1.25203913e-01,-1.41769540e-02,-2.55358686e-02,-8.17751763e-02,4.34026979e-02,4.56112264e-02,-5.53137601e-02,-1.13294710e-01,-1.11442418e-02,-7.09010060e-02,-1.32287210e-02,4.11952850e-03,8.54192609e-02,2.61382477e-02
1.13045297e-02,8.40556173e-03,1.06715088e-02,-1.16590231e-03,-4.20823352e-02,-7.10459001e-02,4.52223743e-02,7.45824795e-02,3.01796640e-02,-2.25605462e-02,-7.55125479e-03,1.37677982e-02,3.97360947e-02,-2.39917785e-02,-3.68183477e-03,8.98766387e-03,-8.06899998e-02,-1.92689363e-02,-4.27634576e-02,-7.02867621e-03,-1.31580903e-01,1.77896009e-02,4.02190938e-02,7.09487327e-02,4.37984710e-02,7.31013384e-02,-9.05617928e-03,4.31611043e-02,2.76890028e-02,-1.72690823e-02,5.75738305e-02,3.58826182e-02,4.39924656e-02,4.74410874e-02,-7.18113401e-02,-5.74786618e-02,-1.71010507e-02,6.30063257e-02,-1.67003497e-03,7.54012604e-03,-3.19089788e-02,5.07229618e-02,-3.06062003e-02,-5.40612769e-02,9.21681285e-03,-1.06714439e-02,6.76886525e-02,-1.28605828e-02,-1.57469765e-01,2.86379751e-02,-5.92591953e-02,-9.68155417e-03,-2.02372643e-01,1.43508163e-02,-4.87213070e-02,3.01168518e-02,-7.07579776e-03,-4.10528453e-02,-1.07894718e-01,-8.65578382e-02,-1.16067204e-01,-1.29861157e-01,-8.48915869e-04,3.21119595e-02,-2.97381507e-02,-6.61764851e-02,-1.10232228e-01,-3.16459762e-02,-9.45026435e-02,-7.31624342e-02,-1.74292186e-01,-1.64078307e-01,-9.15806481e-02,-1.63707760e-02,6.80868863e-02,3.96574196e-02,1.00766644e-03,1.05088164e-02,3.75274468e-02,-3.95415464e-03,8.65624047e-02,5.21449919e-02,4.76774106e-02,2.18717984e-02,5.61904089e-02,7.12563893e-02,-4.78120010e-03,3.09793913e-02,5.82454940e-03,-4.57206312e-02,1.27909578e-02,3.83091233e-02,9.55871050e-03,7.77852434e-02,3.32834798e-02,-7.00595476e-02,-2.36053094e-02,-6.02740458e-02,2.68423640e-02,8.32182467e-02,1.60699070e-02,4.33508145e-02,5.36287562e-02,-1.07687792e-01,2.40866361e-02,-7.98031412e-03,-6.50414677e-03,2.27782068e-02,-1.07553043e-01,-7.71770132e-02,3.10286156e-02,1.17216255e-02,-1.87401962e-02,-6.43736337e-02,6.51785933e-02,1.43974032e-02,8.19290077e-03,-4.39124000e-02,-4.93654297e-02,-7.01955438e-02,-2.03864967e-01,3.15794703e-02,2.09573464e-02,-6.37325772e-02,-1.64057502e-01,-6.83261965e-02,1.61414941e-02,5.53921459e-02,6.86529441e-02,-4.51324369e-02,-2.85914982e-01,7.21637522e-02,-9.30832837e-02,-1.76332575e-02,-2.64564966e-01,-1.31340583e-02,3.21213157e-02,-1.57568409e-01,1.24646361e-02,-2.56165887e-01,-5.49743079e-02,-6.69670575e-02,-1.40166938e-01,8.44820571e-03,8.04735949e-02,1.29068311e-01,1.46910700e-01,1.12482837e-01,5.37926788e-03,-2.18742865e-01,-3.99072504e-02,2.82244662e-01,-8.30901435e-02
1.99964725e-02,2.06877463e-02,-2.58915500e-02,-5.80983878e-02,3.55543268e-02,1.04063906e-02,2.81355309e-02,-5.62051044e-02,-4.58329252e-02,-4.12021233e-02,-3.40567150e-02,-3.69549326e-02,-1.14173816e-02,-7.19975982e-02,-4.29055220e-02,-8.94149682e-02,-1.11418355e-03,2.29309470e-02,1.06589398e-02,-4.09676854e-02,6.75655251e-02,-4.31638979e-03,-4.63209367e-02,-5.16981503e-02,-1.25682369e-02,-5.34479253e-02,2.22635900e-02,-4.87256601e-03,-2.53466956e-02,-9.58198805e-03,-8.95369911e-02,-4.21649054e-02,-2.54385692e-02,-7.74357980e-02,2.88333438e-02,-6.29471688e-02,-1.44801892e-01,-6.25672552e-02,-2.28516547e-02,-5.07061305e-02,2.03037932e-02,1.39346325e-02,2.34557566e-02,-1.67301863e-02,-6.42263183e-02,-1.84885211e-02,-5.34101484e-02,1.46625112e-02,8.75740279e-03,-1.06984288e-01,-1.00513322e-01,-4.02141542e-02,-8.50155968e-03,-9.25744114e-02,2.10857434e-02,-9.03568479e-03,-4.36444811e-02,-6.87550738e-02,6.54063588e-02,-2.04607770e-02,5.85368558e-02,3.67008647e-02,5.93140717e-03,-6.46408554e-02,-1.66709361e-02,-2.13389261e-02,1.70714147e-02,3.81212902e-02,-5.38787043e-02,-2.66555058e-02,1.43641809e-01,-8.25850454e-03,4.25260395e-02,-3.15284505e-02,-5.17059206e-02,-7.24036108e-02,-9.44584267e-02,1.79864799e-02,-6.46759963e-02,-7.05199771e-02,-7.49975552e-02,-5.05655241e-02,-1.29723037e-01,1.92993227e-02,-9.25353971e-02,-8.36933750e-02,-1.68332795e-02,-2.08305244e-03,8.15725449e-02,3.11931627e-04,-2.42937892e-02,-9.65011347e-02,-4.31444887e-02,-7.08839734e-02,-3.52486194e-02,-6.08585410e-02,-4.70966567e-02,-2.24231501e-02,-1.14761927e-01,-1.16386636e-01,-5.61096843e-02,-9.67530667e-02,-1.43898189e-02,-4.82445509e-02,-3.54375502e-02,-2.85248216e-02,-1.08939844e-01,-8.94662312e-02,-5.25867949e-02,7.30890863e-03,-4.75675192e-02,3.71013508e-02,6.99767234e-02,-6.32685492e-02,-1.54050357e-01,-7.06424748e-02,3.20710533e-02,-2.13079779e-02,2.50762786e-02,2.18472173e-02,1.19455614e-01,-9.16066994e-04,2.46316913e-04,4.34603079e-03,1.25629953e-01,7.77191690e-03,-7.78980865e-02,-1.46879334e-01,-5.42109380e-02,2.63392531e-02,-1.40061390e-01,-5.97042511e-02,-6.03675336e-02,-7.82506310e-02,1.83659661e-01,-9.99326449e-02,6.11186558e-02,-5.44468681e-02,5.20418414e-03,-1.22790241e-01,-1.20526361e-01,-2.54130605e-01,-1.48007012e-01,1.39014872e-01,-6.34845298e-02,1.35166810e-01,9.08069482e-04,2.66360751e-01,-2.28703615e-01,-2.12980126e-01,2.73420100e-01,6.29667601e-02,-2.30105245e-01
-4.73865456e-02,-6.39395849e-02,2.54427761e-02,-2.99761552e-02,-1.38677782e-02,-7.10948385e-02,-7.93222767e-02,-6.99083384e-02,-1.64082518e-02,8.55758891e-02,5.35136413e-02,9.35509792e-02,4.76603328e-03,4.75934107e-02,1.72447366e-02,8.58882104e-02,-7.36720514e-02,-1.45593536e-01,6.30063616e-02,4.74142545e-02,-2.81820143e-02,-4.17856372e-02,-7.89681489e-02,-7.57410564e-02,-8.15147260e-02,-8.89795315e-02,-9.76673435e-02,-1.44504036e-01,-1.26808735e-01,-1.25430662e-01,-7.34644923e-02,-1.64149078e-03,9.32263920e-03,1.48088789e-02,2.08501913e-01,9.48003194e-02,6.64884475e-02,2.98111157e-03,3.95517881e-02,5.10831139e-02,2.30302896e-02,-3.87378627e-02,8.69862438e-02,4.71399565e-02,8.34945763e-02,7.77466032e-02,5.23593565e-02,1.29600924e-01,1.85364433e-01,8.84490172e-02,3.91016502e-02,-2.55462276e-02,-8.07627185e-02,8.28377962e-02,4.65470921e-03,4.79928550e-03,9.07238718e-02,1.29144058e-01,-3.08008032e-02,6.97473507e-02,5.17488193e-02,-5.86485630e-02,-2.61499791e-02,-4.34702211e-02,1.57660625e-02,8.95031776e-02,1.89489603e-01,1.37663615e-01,1.22924548e-01,2.11648191e-01,1.20757576e-03,-2.30575131e-02,1.08315126e-01,-2.31716547e-02,-1.92780481e-02,-1.14151081e-02,2.12951253e-02,2.05357703e-02,-1.89655838e-02,-2.09536461e-02,5.35378493e-02,-2.02231874e-02,-6.98604414e-03,4.42322258e-03,2.27563332e-02,-2.56649874e-02,2.00229981e-02,-5.88459141e-02,-1.01960491e-01,-2.48616415e-02,3.68823438e-02,-3.92345440e-02,-4.20480180e-02,-6.62104973e-02,-2.91867680e-02,-9.50978570e-02,1.44198918e-02,-6.20200530e-02,5.68973706e-02,3.59653479e-02,5.89410720e-02,2.33380026e-02,-1.41376684e-01,-2.29819543e-01,-1.98484205e-02,9.21501930e-03,-1.39606276e-02,-1.15104196e-02,2.20970999e-01,2.39359671e-01,7.56379161e-02,-8.83761142e-04,-9.69194172e-03,-5.08316378e-03,3.83543322e-02,5.82588499e-02,3.92769281e-02,9.55533977e-02,5.10289848e-02,-8.23701445e-03,-6.28606144e-02,-6.01385758e-03,-1.40007812e-05,5.08181368e-02,-9.92324501e-02,8.47627150e-02,6.11983308e-02,-7.92341366e-02,7.49379220e-03,-2.95318688e-02,-9.48953923e-02,-2.15843641e-03,-4.89653320e-02,1.07900478e-01,-1.57344038e-01,1.38040788e-01,2.57863442e-02,-4.48498569e-02,-5.23320600e-02,-6.48785322e-02,1.01377157e-02,-1.50166819e-02,-6.49116859e-02,1.35763820e-01,1.46428992e-01,-3.91148724e-03,2.34008247e-02,1.13572064e-01,-6.75482916e-02,4.64221670e-02,1.90372978e-01,9.03396234e-02,3.53763959e-02
-7.13128386e-02,-1.44563070e-02,-6.63744993e-02,-4.17746833e-02,4.78026449e-02,1.51671935e-02,1.22275653e-02,1.47807489e-02,-6.49908079e-02,-7.96261062e-03,-3.55868546e-02,-8.86250521e-02,2.54897524e-02,6.31392897e-03,2.49453606e-02,1.15513801e-02,-1.44938263e-03,1.13672581e-01,-2.26530959e-02,1.76757138e-01,4.18831090e-04,1.04021365e-01,3.09439634e-02,3.19171792e-02,1.16905706e-01,3.28274471e-02,3.54066954e-02,4.70999716e-02,4.63877280e-02,1.09020742e-01,1.39297740e-01,-9.00768715e-02,6.10819293e-03,2.36643526e-02,1.34737749e-01,-1.56260655e-02,6.30662631e-02,2.22747945e-02,2.90262184e-02,-8.21732812e-02,-4.71468265e-02,-2.85653899e-02,-1.19451794e-01,-7.68836269e-02,-1.14262842e-01,1.05847667e-01,6.29480186e-02,1.90621380e-02,-1.02142287e-02,1.24531717e-01,7.35372414e-02,8.54783842e-02,1.35034497e-01,7.30866287e-02,-6.04353362e-02,7.55375587e-02,6.05360316e-02,-7.22776927e-04,-2.71617902e-02,-3.72633167e-02,4.99902197e-02,8.71178161e-02,6.72762206e-02,1.18136848e-01,-6.58564990e-02,-6.85265981e-03,-1.13512607e-01,1.66198513e-01,1.82474416e-01,1.16736856e-01,-1.38087068e-01,-2.79284694e-01,1.69655699e-01,-1.34463621e-02,-6.79424454e-02,2.06691336e-02,7.03130495e-03,-3.79532863e-02,-9.27971923e-03,1.40802854e-02,-2.38457047e-02,2.55308010e-02,5.45115675e-02,2.15267301e-02,1.13784757e-01,7.83710474e-02,-3.42753295e-02,-6.25965981e-02,-1.77769459e-02,-3.48446736e-02,1.07964420e-02,4.79266687e-02,4.06086169e-02,2.50271288e-02,6.57731284e-02,1.36855071e-01,4.26790572e-02,-1.43759796e-02,6.38925504e-02,-1.70149494e-02,-4.52816070e-02,9.65335803e-03,5.65742829e-02,2.99453357e-01,-4.19706950e-03,-3.70234436e-02,3.48305421e-02,6.32433484e-02,3.64651839e-02,2.11654122e-01,6.46548939e-02,1.70711532e-02,-2.68398389e-02,1.06185492e-01,6.36371776e-02,1.97209553e-02,2.66314378e-02,-1.03787916e-01,-9.95532284e-02,-8.63443740e-02,1.09195459e-01,-2.07698340e-02,-2.76637303e-02,-8.74644382e-02,-8.79956450e-02,1.30755752e-02,-4.29835608e-02,1.12760947e-01,5.81241341e-02,5.46567497e-03,-2.32375249e-02,6.06697004e-02,5.14512841e-02,-2.12887577e-02,4.49032296e-02,8.00080998e-02,2.61479472e-03,5.91420199e-02,-2.96615892e-02,1.66220548e-02,-9.63406369e-03,-6.96433117e-02,-2.47666484e-02,8.44231336e-02,-6.55602852e-02,1.16535162e-01,-2.72401080e-02,6.39631207e-02,-9.28280672e-02,-1.09870250e-01,2.15154841e-01,-9.74873885e-02,-9.73053865e-02
1.35053918e-03,-1.50903228e-01,9.39085028e-02,-3.36991359e-02,-9.46299738e-02,-2.21341611e-01,-5.54314073e-02,-1.34442105e-01,1.09500908e-01,5.90482153e-02,1.60875797e-01,4.57771457e-02,2.64659174e-02,1.95196701e-02,-6.05754805e-02,1.90459248e-02,7.75835617e-02,-1.06515545e-02,-4.21981462e-02,1.49987550e-02,-5.03298110e-02,-1.04516158e-01,-1.44570393e-01,2.50075872e-02,2.38875270e-04,8.43579102e-02,-3.21842377e-03,7.01569132e-03,6.04737970e-02,-5.08578690e-02,1.75276028e-03,4.90700969e-02,1.31751276e-01,6.45856853e-02,-2.82853460e-02,8.69529830e-02,-8.36942454e-02,8.29692720e-02,6.63189505e-02,1.12255947e-01,1.23432322e-01,2.33933679e-02,1.06959762e-01,3.51941489e-02,4.77328947e-02,2.41176439e-02,3.63268027e-02,3.24428964e-03,-1.80279124e-01,-6.12771188e-02,6.92039823e-02,-6.65300458e-02,-4.97207197e-02,-1.35092484e-02,1.68846359e-03,1.42845668e-02,8.92889074e-03,8.39528491e-02,1.25337887e-01,1.66521238e-01,1.81977090e-01,-2.68383385e-02,4.13231566e-02,7.37468673e-02,-1.18393368e-01,-4.02780448e-02,5.64241074e-02,2.88534600e-03,1.61791843e-02,6.25583488e-02,1.04343438e-01,-3.71338755e-04,1.52036617e-01,8.72154815e-04,-8.80269336e-02,2.49783939e-02,6.43510559e-03,-1.11145391e-02,-4.19281306e-04,-1.42747400e-01,-2.16451838e-02,1.69965140e-01,3.14227213e-02,5.61624050e-02,-7.91208506e-03,6.22430543e-02,1.43463666e-03,5.73344419e-02,4.76714223e-02,-2.12272072e-02,5.43241954e-02,8.65136064e-02,5.62135495e-02,7.60380708e-02,1.02221450e-01,-9.91729245e-02,-7.81166729e-02,-4.88875762e-02,-5.82264494e-02,3.13364619e-03,4.69488635e-02,-1.95347666e-03,3.94757056e-02,4.01382296e-02,8.39769953e-02,5.10986563e-02,-1.81020094e-02,3.42050531e-02,-8.25064969e-02,3.22640010e-02,-4.31238252e-02,9.68079724e-03,1.30301449e-02,-8.90044539e-02,1.33125116e-02,5.79698716e-02,4.44468226e-02,7.05097110e-03,-1.04160216e-02,-4.25473228e-02,1.12477455e-01,5.45226800e-02,5.99689728e-02,-1.03412727e-02,-1.30272349e-02,-3.50247704e-02,1.77600892e-01,6.31433505e-02,9.06615947e-02,-1.09155115e-02,-1.31016821e-01,4.47427860e-02,1.99165025e-02,-2.03124634e-02,8.31065698e-02,-1.37802823e-02,1.57926285e-01,1.70034969e-01,1.72055967e-01,1.69577706e-01,-9.97625248e-02,3.48828008e-02,1.41524926e-01,-8.40175077e-02,-2.07679475e-01,1.22492819e-01,-6.00313784e-02,7.25412066e-02,5.07401085e-02,-6.97257187e-02,-4.40350848e-02,7.25229706e-02,-2.71295118e-02
-4.64826360e-02,-6.82972686e-03,2.49406618e-02,-2.98665920e-02,1.19816013e-01,-1.17519566e-01,1.58677487e-02,-6.93442480e-02,5.67227839e-02,-3.98363745e-02,-5.26108108e-02,-9.10282662e-02,-7.76699687e-02,-3.39893345e-02,-4.91235956e-02,-5.72457974e-02,-7.43462000e-02,1.42020849e-01,1.74999058e-01,1.63302785e-01,-9.21317750e-02,-8.82428631e-02,4.21182063e-02,-1.88810328e-02,-4.07124959e-02,-3.15093081e-02,-9.58820144e-03,-1.35540342e-01,8.33788776e-02,-5.20996879e-02,2.28923160e-02,8.09557424e-02,9.38759947e-02,8.06201117e-02,1.27165491e-01,-7.05269986e-02,-1.38978558e-02,6.44788313e-02,-9.29257029e-02,8.05754612e-02,1.44577484e-02,-5.89593183e-02,2.56753509e-02,2.58426939e-02,7.76663563e-03,-4.56425794e-02,5.27180980e-02,-1.06372391e-01,-1.36065957e-02,1.86341756e-02,-3.93135445e-03,-7.40756233e-02,-1.12181726e-01,-5.27276406e-02,5.93194920e-04,-8.50267891e-02,-2.15720489e-02,-8.32519958e-02,-6.11829959e-02,-2.34091470e-01,-1.54154982e-01,1.70161456e-01,1.77388776e-02,9.69090446e-02,2.08507437e-01,1.44471542e-01,6.32715243e-02,7.17695566e-02,1.03562346e-02,3.99272880e-02,-2.92707514e-01,-2.84948262e-03,-9.69860415e-02,-3.87401582e-03,2.05005041e-03,-1.33434396e-01,-5.10585761e-02,-4.59112600e-03,-6.53264770e-02,-7.13193907e-02,6.51391913e-02,-4.87375052e-02,-7.91984621e-02,-7.07116065e-02,-2.82354722e-02,-1.91636165e-02,3.81096626e-03,2.37882742e-02,-1.79678983e-02,3.67804072e-03,4.07220219e-03,-3.00458815e-02,-2.23980712e-01,1.11035749e-01,3.00245188e-02,-1.07478477e-01,-2.87002233e-02,2.63857608e-02,2.41766177e-02,5.98457975e-02,-2.50315880e-03,-1.74207822e-02,-7.58857162e-02,-4.58004066e-03,-2.94260832e-02,5.87168272e-03,-2.53094407e-02,-2.52341377e-02,5.42755318e-02,4.46285439e-02,-1.09048679e-01,-1.20636288e-01,-1.27894955e-01,-6.85236649e-02,1.34684614e-02,3.30029410e-03,-1.94627615e-01,4.31651591e-02,-4.88279547e-04,-1.29290443e-02,7.98036811e-03,2.76870000e-02,1.86050215e-03,6.81766872e-03,7.32570180e-02,-6.67572808e-02,-3.72964786e-02,3.90215255e-03,-4.46551060e-03,-1.81750593e-01,-1.83275964e-02,6.07845249e-02,-4.62208905e-02,-6.00850018e-02,1.24065089e-01,-4.04144081e-02,3.72570374e-02,1.01636639e-02,6.11299461e-02,4.08182209e-02,-1.34100026e-02,6.85099804e-02,8.83651291e-02,-2.79170531e-02,-1.73294746e-01,5.48319618e-03,-1.67002438e-01,-7.98010606e-03,5.89278591e-02,1.57456038e-02,6.42191297e-02,1.61524478e-02,-3.03187513e-03
-2.47642720e-01,-1.44922913e-01,-1.09595190e-01,-1.40096359e-01,4.28589152e-02,-1.22204033e-01,7.06771462e-02,-1.14867903e-01,-9.57099523e-02,-4.38178787e-02,-1.96904197e-02,-5.61144842e-02,-4.18422474e-02,-5.98466883e-02,-6.85694444e-02,-4.96844405e-02,8.35808659e-02,1.78219309e-01,1.43047711e-01,6.59502855e-02,9.66543483e-02,5.47163785e-02,-8.36763627e-02,9.89326397e-02,5.29462541e-02,1.63210885e-01,4.92365554e-02,8.40839556e-02,-1.87104437e-02,1.50106254e-02,6.32072526e-02,-8.45285141e-02,-6.26594124e-02,-2.37171988e-02,7.21386468e-03,6.00652433e-02,-4.33151234e-02,-3.77184791e-02,-2.30907817e-04,5.08163561e-02,-2.86309892e-02,5.21335432e-03,-3.10905642e-02,6.76129002e-02,-3.55723693e-02,-1.38207675e-01,-1.46416925e-02,4.22219801e-02,1.49556799e-01,3.64956436e-03,-9.76501334e-02,2.18754845e-02,-6.97526706e-02,2.67506373e-02,1.98691291e-02,1.07223773e-01,2.00929707e-02,7.95026973e-02,-1.45992801e-02,6.25590012e-02,1.45144549e-02,2.45893188e-01,1.21808369e-01,1.28346550e-01,6.57072397e-02,1.24184087e-01,2.47638721e-02,-1.01656642e-01,-9.42599313e-03,6.64184027e-02,3.40986728e-02,1.62283478e-01,-3.59498151e-02,-1.95943520e-01,-1.34483479e-01,-2.70588133e-02,-1.01053835e-02,-8.62259930e-02,-1.85563836e-02,-1.14253445e-01,-4.47151166e-02,-7.18561105e-02,1.09552002e-01,7.53949721e-02,2.06685784e-04,6.56401764e-02,1.89895895e-01,9.87943832e-02,-3.44383251e-02,-5.38592700e-02,3.78719862e-02,3.33368819e-03,7.82400547e-02,-2.84762743e-02,-6.79727832e-02,-8.20007670e-02,-2.72017894e-02,-1.77859989e-02,-7.75880774e-02,1.20432823e-01,-1.98260309e-02,-3.96391677e-02,4.98321336e-02,3.37568798e-02,1.44420446e-03,-2.43935899e-02,3.26558452e-02,6.66143163e-02,-1.67962955e-02,-4.31382286e-02,-1.23756952e-02,1.53910123e-01,3.08866443e-02,-1.98636042e-03,2.29079243e-02,-4.83680016e-02,8.06228302e-02,1.35309335e-01,7.52971843e-02,7.56118541e-03,3.67409604e-02,-5.73454212e-02,4.67072036e-02,-1.61031055e-02,2.41765730e-03,-3.69517477e-02,-9.29143013e-02,1.30326458e-01,-6.56508449e-02,5.83236878e-02,8.40473581e-04,9.69738846e-02,-8.52302431e-03,5.24538252e-02,-5.13598387e-02,-4.62169059e-02,-3.42044999e-02,-6.03836644e-02,1.81213321e-02,-6.68537930e-02,2.08743233e-02,6.63463284e-02,-1.31557165e-01,-5.18662838e-02,1.55090801e-01,6.17367006e-03,9.78108077e-02,6.18319798e-02,9.93385491e-03,6.90190960e-02,-8.43892908e-02,8.57792550e-02,2.35890639e-02
6.61304803e-03,-4.35464098e-02,-3.41013864e-02,6.40016839e-03,9.37944429e-03,-1.15997349e-01,-3.59905275e-02,-1.03588131e-01,-8.09077595e-02,-2.76983897e-02,7.61156065e-02,-1.27551676e-01,2.00156180e-02,2.98601709e-02,1.68639914e-02,2.11761089e-02,-1.02427019e-01,6.43998738e-02,-9.71870951e-02,-3.85370969e-02,-6.66034848e-02,-1.22771804e-01,-8.92172066e-02,9.42652064e-06,-4.00225223e-02,-3.03297497e-03,-3.38068287e-02,-6.26248158e-02,-1.13409765e-01,-1.12646391e-01,-2.18018411e-03,-9.98043997e-02,-1.82475170e-01,1.03300185e-02,-7.70661952e-02,-3.64734496e-02,-3.44143103e-02,5.47467060e-03,-2.52557937e-02,7.78820755e-02,-1.05912272e-01,-1.03696484e-01,-1.52049726e-01,-1.70279881e-01,-1.00888291e-01,-1.31896367e-03,-2.64332759e-02,-2.42966596e-02,2.58646509e-03,-1.66562075e-02,-5.12928600e-02,-2.79610044e-02,1.58710910e-01,-7.12545973e-05,-6.74089132e-02,6.12211425e-02,4.18559010e-02,1.06043418e-03,-7.18156933e-02,-7.43528691e-02,3.70832297e-03,-1.85208539e-02,-5.69155871e-02,-6.38417252e-02,-1.04580125e-01,-2.93596505e-02,-1.61026500e-01,1.85666359e-02,-7.65174050e-02,-1.26365208e-01,-1.17483298e-02,-3.98480817e-02,-8.49767304e-03,-3.95328089e-03,-1.76632791e-02,-1.11793778e-02,1.32407122e-02,-5.32254237e-02,-1.82588990e-02,-4.20047477e-02,3.24197065e-02,1.68339803e-02,3.71667502e-02,-6.59801740e-02,-3.75250870e-02,2.08938030e-02,2.00186203e-02,-8.23625385e-02,9.66581872e-03,-1.30238382e-01,-4.55265665e-02,-1.30992939e-01,2.00388408e-02,-1.20815400e-01,-9.71874413e-02,-1.21648016e-01,-1.42953361e-02,-1.17925036e-01,-5.05080962e-02,1.42336623e-01,-4.66620356e-02,2.32419812e-02,-4.77353195e-02,-1.79024284e-01,-7.05277087e-02,-1.50911922e-01,4.17003272e-02,1.47734262e-02,-1.69909443e-01,-6.24556949e-02,2.70844769e-02,5.93715023e-02,-6.35782591e-02,-2.05154054e-02,2.53585447e-02,-4.63263300e-03,8.37827818e-02,1.45022312e-01,-4.75191228e-03,-6.05564733e-02,-2.82615400e-03,-1.16000832e-01,-1.54974487e-01,-1.06232023e-01,-1.60597270e-01,-5.75926154e-02,1.10792142e-02,-6.45334404e-03,-9.43316988e-02,-5.84388054e-02,5.14480982e-02,-9.07683786e-02,-1.74964613e-01,4.53007389e-02,-1.44523168e-01,7.61349199e-02,4.69898377e-02,1.64819392e-01,9.54392357e-02,9.00150878e-02,-4.85893684e-02,2.14871663e-02,4.41736893e-02,-2.25554412e-02,-1.39992255e-01,-5.83718155e-04,-1.30568775e-01,1.79465366e-02,4.23100917e-02,9.04151805e-02,1.21572211e-01,-2.06383540e-01,-3.09129848e-03
1.41815645e-01,1.65009815e-02,1.07197121e-01,4.30495089e-02,8.55199935e-02,-6.27515918e-02,-8.70664956e-02,-5.78916609e-02,5.33210426e-02,9.88473221e-02,4.54822035e-02,4.94270499e-02,9.89551001e-02,-4.02140691e-02,-1.12747913e-02,8.13001183e-02,4.77263229e-02,2.37542457e-01,-1.87333329e-03,1.15546157e-01,-1.48025256e-01,7.00573363e-02,-7.96142854e-02,-1.54729651e-01,-1.03685240e-01,-9.97564239e-03,-2.62623671e-02,-7.75797064e-02,-3.91083317e-02,-4.77496425e-02,-1.02874077e-01,6.38862151e-02,-7.06957639e-03,9.12646643e-02,-4.92745119e-03,9.16019857e-02,4.63339823e-02,1.81685537e-02,6.51075356e-02,1.43801487e-02,-1.32051989e-02,3.98121581e-02,8.38469750e-02,8.49657175e-03,-6.06385587e-02,8.28381789e-02,3.11087920e-02,1.05109810e-01,3.61165966e-04,4.34114256e-02,-3.08320716e-02,-4.66543092e-02,7.31121694e-02,1.85536714e-02,-2.76947735e-02,9.27145593e-02,6.47320847e-02,4.08915232e-02,3.21399164e-02,-1.17711009e-01,-2.68420007e-02,3.02093621e-01,-9.12125639e-03,8.76860326e-02,7.14539142e-02,-2.83864185e-02,-2.26945728e-01,-4.91466822e-02,-7.43607908e-02,4.45659371e-02,-1.88402881e-01,-8.52082449e-02,-9.08252986e-02,1.61741306e-01,2.43903831e-02,7.64967810e-02,1.00761042e-01,1.45785242e-01,2.42546976e-02,-3.24854663e-02,-4.12774580e-02,4.20918817e-03,2.11963007e-03,7.97045041e-02,7.80189700e-03,-4.26643048e-02,-7.66877667e-03,5.90535266e-02,1.33279223e-01,2.79635261e-02,1.53723901e-02,4.27405159e-02,4.61571490e-02,2.22683066e-02,-2.32315604e-02,3.90525302e-02,-1.67696806e-02,-3.41861015e-02,-6.54440611e-02,-8.78627419e-02,-7.96779505e-03,-1.57207442e-02,-9.12345823e-02,-1.28155367e-01,-7.79065573e-03,2.47318019e-02,-2.50518147e-02,2.27243452e-02,-4.53732213e-02,-1.60032020e-01,6.17234241e-02,4.47158414e-02,1.05347497e-01,1.71634420e-02,-7.12935367e-02,1.92639434e-02,1.00656661e-01,2.69952777e-02,1.58402517e-02,5.05918492e-02,1.00616245e-01,3.66117386e-02,3.16383461e-02,1.61380714e-02,1.26571600e-01,7.39818108e-02,1.36342079e-01,-5.51086013e-02,4.02560682e-02,9.28319898e-02,-4.25871449e-02,1.07159610e-02,1.06753205e-02,6.04047569e-03,3.06502450e-02,1.49231451e-02,-7.46634831e-02,8.97040886e-02,-3.43026781e-02,8.76007278e-02,2.89283247e-02,-1.24591057e-02,-9.06476614e-02,-7.74951443e-03,2.45028524e-01,-6.36841796e-02,1.39607758e-01,-7.37862924e-02,2.75864992e-02,-1.32312218e-01,3.49601596e-02,-9.95558869e-02,-3.59082470e-02
1.57856459e-01,2.43009601e-04,3.62304144e-02,8.75940792e-02,-5.03820835e-02,-6.41476062e-02,-3.52354474e-02,-9.73429666e-02,-2.79228484e-02,9.11301943e-02,-5.87642385e-02,-1.25007061e-01,1.35289239e-01,9.80771966e-02,-1.40742110e-02,2.10925070e-02,-5.66408072e-02,6.54794140e-02,-1.62393255e-01,-5.75288872e-02,5.13447227e-04,-1.89751605e-01,-9.32027600e-02,1.13453023e-01,8.83321236e-02,4.31468078e-02,2.61046794e-02,4.08362847e-02,-4.12148709e-02,-2.22760084e-03,-7.23935029e-02,2.31703957e-02,-4.69968667e-02,-2.94010803e-02,2.28182357e-01,-4.20176821e-02,1.19079771e-01,-3.25923437e-02,-2.96705345e-02,-4.45012277e-02,-5.39470889e-02,4.14781409e-02,-1.11279646e-01,-7.31232002e-02,-9.96883539e-02,3.25451059e-02,6.97886569e-02,-7.70690899e-02,1.13434903e-01,1.58508709e-01,4.28527920e-02,-5.53886609e-03,-2.77330981e-01,-1.92086749e-02,5.53702015e-02,6.92154898e-02,2.30126390e-02,-6.13392127e-02,1.58407787e-01,-8.43999494e-02,8.67993058e-02,4.31515580e-02,-2.29814621e-02,-1.53551990e-01,-8.13897846e-02,-5.09657228e-02,-1.39726097e-01,4.14500283e-02,-5.19807285e-02,4.00489861e-03,1.66583684e-01,-6.08043180e-02,1.11537506e-01,1.11892772e-01,-1.74834337e-02,-3.09644989e-02,-1.64794481e-01,-5.39209611e-03,-2.01218878e-02,-2.28143499e-02,-2.13453937e-02,-1.49165866e-03,-5.60212848e-03,-2.99781268e-02,1.91767891e-02,-7.20057868e-03,6.33622362e-04,3.55906013e-05,-8.54183293e-03,4.03118610e-02,-4.55791922e-02,-1.57317248e-02,-8.19157160e-02,1.06729448e-01,-1.08374266e-01,-5.80836647e-02,2.42665586e-02,-6.70186344e-04,-6.06072782e-02,-3.04071898e-02,-5.49803857e-02,4.20536761e-02,2.02576149e-02,2.13815568e-02,-2.03863590e-02,-6.97038184e-02,-4.20251010e-02,2.30411423e-02,5.75688486e-02,-6.34208466e-03,2.62785369e-03,5.29205241e-02,-5.81527511e-02,1.83364022e-02,5.64642647e-02,-1.01734752e-01,-5.51087681e-02,1.02968896e-02,1.02484463e-02,1.02460985e-01,-2.84137937e-02,4.49826547e-02,5.44599605e-03,5.74705664e-02,9.72246340e-02,4.01226235e-02,-9.62338954e-02,2.17821387e-01,-1.02298433e-02,-1.81698753e-02,-1.74245200e-01,8.46756887e-02,-1.51208100e-02,-1.51049615e-02,1.00235625e-01,-5.57150514e-02,-4.36886354e-02,-1.52575806e-01,3.07499609e-02,1.33054292e-01,-1.48693095e-02,2.31244511e-02,3.04986198e-02,1.70259597e-02,5.71282984e-02,-4.77385015e-02,9.35873389e-02,-1.54281142e-01,-1.41802626e-02,1.54402481e-01,-2.37843106e-02,1.18079335e-01,4.47568748e-02
-1.23887760e-01,-9.07527252e-02,-5.66373431e-03,3.34927636e-02,-4.46525902e-02,-1.10228841e-01,2.22165501e-02,-4.78916323e-02,-5.51650548e-02,3.08827560e-02,-1.12928483e-02,7.15856773e-02,4.57877775e-05,-1.20003053e-02,8.38492397e-02,1.48784697e-02,2.77538578e-02,-3.56712322e-02,1.62713861e-03,5.33521244e-02,-7.54084722e-02,-3.28513067e-02,-4.54840856e-02,-7.23413572e-02,-3.42989465e-03,-1.12565808e-03,6.31122068e-02,-5.14312787e-02,-3.90408830e-02,1.13154555e-02,-8.78142209e-02,-3.30307824e-03,-7.65155439e-02,2.71699471e-02,8.86050605e-02,-7.46469437e-02,-8.76981189e-02,-8.50262733e-02,-5.19935594e-02,-4.53760496e-02,-4.92982976e-02,9.21347423e-02,3.09976805e-03,3.40404433e-02,1.16695582e-02,-3.14299361e-02,9.65581901e-04,-6.38581439e-02,-1.46100924e-01,-3.13263251e-03,-7.62116234e-02,5.40421441e-02,2.01889094e-01,5.26332693e-02,6.52603255e-02,3.76870339e-02,4.54575278e-02,-1.76995860e-03,1.79347420e-02,6.58757324e-02,2.40809480e-01,-4.75175684e-02,6.36689884e-02,7.05815157e-02,5.81886596e-02,-8.03723310e-02,-6.07283278e-02,-7.20447843e-02,1.82170629e-01,3.09640280e-03,-7.84350836e-02,-2.52182623e-01,2.23651485e-01,-2.93875942e-02,-3.47577075e-02,-9.17417386e-02,-3.12131409e-02,2.59248416e-02,-5.81914493e-02,1.11878719e-02,-1.25132542e-02,-1.37937314e-01,2.09271643e-02,4.30777594e-04,-5.52124650e-02,-2.60918517e-02,-2.72521912e-02,-2.58331972e-03,7.10866206e-02,5.23252935e-02,6.38856847e-02,-2.26015197e-03,-6.98815589e-02,4.64624413e-02,-1.16471873e-01,-6.94026462e-02,-3.81629494e-02,-5.32744667e-03,-4.53549800e-02,-1.49470283e-01,-6.46120447e-03,2.89576991e-02,-3.47146909e-02,-1.61024079e-01,-1.78882913e-01,-5.13916871e-02,1.18135473e-02,4.35510625e-02,-1.74325491e-02,7.37884576e-02,-4.97342171e-02,-1.76922368e-02,6.74850074e-02,-4.65702664e-02,-9.88658060e-03,-1.34173401e-01,-5.29833973e-02,-1.52996957e-01,-4.35575306e-02,-1.87274683e-02,-1.72014216e-01,8.94558089e-02,6.09630539e-02,1.60042674e-02,3.40121747e-02,-4.21012645e-02,-1.28345044e-02,-2.30252698e-02,-1.94218426e-02,3.57927639e-02,1.61251809e-01,-7.63254890e-03,-9.09168615e-02,-1.13375754e-01,2.69153909e-03,-1.68752163e-01,-5.36551966e-03,-1.05418437e-01,-3.48373301e-02,-1.44124506e-01,6.32240054e-02,3.34091734e-02,-2.84814230e-02,1.60212152e-02,2.40677757e-02,7.57042606e-03,-7.46020617e-02,4.95393357e-02,2.57043655e-01,2.46742514e-02,-2.28409343e-01,-4.74280903e-02,4.13110011e-02
9.05189645e-02,-1.05853579e-02,2.73710332e-02,6.51264983e-02,-5.59222053e-02,3.73993509e-02,8.55803057e-02,-1.36990460e-02,-1.88414488e-01,-1.18421032e-01,-6.83901394e-02,-3.27993609e-02,2.72901897e-02,-3.45692136e-02,-2.49864649e-02,2.48964680e-02,-8.22153700e-02,2.25716986e-02,-5.80243197e-02,-5.24820254e-02,-1.13663718e-01,9.91057758e-02,2.63629239e-02,2.12512497e-02,5.13538003e-02,7.66096779e-03,1.65978251e-01,-1.38033153e-02,-1.05632071e-01,-1.53786674e-02,6.71727806e-02,-1.52504881e-01,1.49442918e-02,-5.22279951e-02,-4.70128282e-02,5.79847576e-02,6.72547378e-02,-4.64654910e-02,-7.93717897e-02,3.43374574e-03,1.09496290e-01,9.33824345e-02,7.78009701e-02,-2.18172597e-02,1.38553352e-02,2.22022690e-02,1.00691788e-01,1.30978625e-01,9.02651010e-02,1.26548139e-01,-5.84704516e-02,-6.70627176e-02,3.66880205e-02,-1.23508630e-02,3.60068013e-02,-1.43002475e-02,-4.90621869e-03,3.33564454e-02,5.30014530e-02,-4.63757681e-02,-5.44348145e-02,-5.83046507e-02,1.35887907e-02,-7.05063643e-02,-9.29229252e-03,9.47325861e-02,6.17630463e-02,1.02452075e-01,4.68870966e-02,-4.56791475e-02,-2.48224728e-02,9.35451559e-02,-6.64665841e-02,1.51550374e-01,-3.98015545e-02,-1.36503175e-02,6.90626063e-02,8.33412658e-02,-2.72118086e-02,-9.35358150e-02,-3.89200759e-02,2.32378371e-01,-2.74744705e-02,1.94862534e-01,7.05992235e-03,-3.82832197e-02,1.32767441e-02,7.91501594e-02,1.50166251e-01,5.14624411e-02,7.63903642e-02,-8.41870591e-04,4.82641921e-02,5.15985546e-02,-1.40538071e-01,-3.16605111e-02,-6.75089473e-02,-1.73001808e-02,4.33151981e-02,-2.03460062e-02,-1.34927848e-01,-1.13931074e-01,8.29712985e-02,-4.18108132e-02,-3.20143621e-02,1.07130515e-01,-1.69910921e-02,-6.85312968e-02,9.73025805e-02,3.51243917e-02,1.15619539e-01,-5.77276613e-02,1.24867197e-02,-1.59366059e-02,6.14719231e-02,-8.12556006e-02,3.34590590e-03,7.63008377e-02,-2.33048585e-02,-1.91933762e-02,1.73172015e-01,8.72667670e-02,4.18403617e-02,-1.08724609e-02,-5.14982997e-02,-2.69486095e-03,-1.72934499e-01,5.58141427e-02,5.75331113e-02,-4.85309511e-02,1.83824654e-01,3.81514253e-02,-7.56743835e-02,-5.04482647e-02,-4.86355988e-02,1.26169839e-01,1.61738116e-01,-1.81075212e-01,9.38032680e-02,-5.94292966e-02,-1.04847110e-01,7.97310757e-03,1.48920009e-01,-2.18437638e-02,-2.21091509e-02,-5.18673394e-02,-4.83565426e-02,9.47009624e-02,1.85856631e-01,-1.42612324e-01,-6.24861201e-02,-5.71471740e-02,-6.97255166e-04
-5.95139404e-02,3.39561901e-02,-2.08233202e-03,2.84460439e-02,2.37605424e-02,9.35334795e-02,5.24708342e-02,4.30737400e-02,-9.32771112e-02,-7.74691428e-02,-7.73015610e-02,3.46090269e-02,-3.41462090e-02,-5.38142372e-02,2.81593237e-02,-7.70446520e-03,-9.80585654e-02,-3.95897230e-02,1.37647450e-01,1.24885328e-02,3.56191118e-02,1.56846894e-01,2.23854318e-02,-1.11284073e-02,2.53355012e-02,4.14361325e-03,1.28877014e-02,-3.18772810e-02,-1.94375027e-02,3.60397080e-02,-5.15881196e-03,-3.83365945e-02,-4.71649157e-02,-2.38283673e-02,-1.02136118e-01,-7.14761703e-02,-9.72564152e-02,-6.65252060e-02,4.10360500e-02,-1.53624120e-02,4.49250891e-03,9.47453611e-02,-1.00736091e-01,7.33898661e-02,5.22213912e-02,3.32067946e-02,4.67597498e-02,9.79167211e-02,-4.95116421e-02,-3.10991109e-02,-1.62124607e-01,3.21996369e-02,-4.86480225e-02,5.65271189e-02,6.70411700e-02,3.93592156e-02,6.61087149e-03,-7.05144827e-02,-1.28394533e-01,-8.61928572e-02,-6.46741213e-02,-4.66059096e-02,-1.01013852e-02,1.75895882e-02,1.54729616e-02,3.52793235e-02,1.44442640e-01,3.28412795e-02,4.05381370e-02,9.21476956e-02,-5.43966264e-02,-1.80708828e-01,4.67649725e-02,3.63189406e-02,5.01501322e-02,-2.47492645e-02,4.24477306e-02,3.68633024e-02,3.50040201e-02,-2.18041770e-02,-3.67649807e-02,4.27519620e-02,-2.67589703e-03,1.94107872e-01,8.31798012e-03,2.61538815e-02,-1.05116229e-02,2.10489083e-02,5.86300488e-02,4.44294288e-02,2.58930097e-02,-4.22159048e-02,1.00625633e-01,-2.28068048e-02,-3.70174365e-03,-1.70570581e-02,-3.87553252e-02,-1.09570576e-02,-1.09371343e-01,-7.68675047e-02,-9.94353498e-02,-8.92031072e-03,-1.68797114e-02,-8.72038621e-02,-1.56241293e-02,-1.65422747e-02,1.77442727e-02,-1.10558618e-01,6.22316454e-02,-2.27062946e-02,-2.55180446e-02,5.47767634e-02,9.65790812e-02,-1.79119273e-02,-9.15699322e-02,-8.27492214e-02,6.44774197e-02,-6.48300113e-02,4.59580437e-02,1.74833908e-02,-6.36811172e-02,4.61946973e-02,2.29509162e-02,1.20597326e-03,-1.81206876e-02,-2.30567969e-03,-8.13779494e-02,3.48288072e-02,4.96277738e-02,1.13215453e-01,-3.24864727e-01,-5.64435767e-02,-3.01613111e-02,-1.95599080e-02,-1.35164019e-01,-1.53272592e-01,-4.68312199e-02,1.39864690e-01,5.59083771e-04,4.21671393e-01,-1.68585099e-02,7.09550329e-02,1.47714749e-01,-6.72996359e-02,-7.65446978e-02,2.03806414e-02,-4.46890616e-02,-5.36252688e-02,-9.47199375e-02,2.35321757e-01,5.44920153e-02,7.98177442e-02,7.68232476e-02
2.13745302e-02,2.15650718e-02,3.52904007e-02,-5.36721870e-02,2.16755597e-02,-5.07500304e-02,1.36036904e-01,4.15161747e-02,2.57250665e-02,1.87365425e-01,1.42256451e-01,8.02270941e-02,-1.04928273e-02,-5.59789654e-02,-6.23573114e-02,-5.91993295e-03,-1.94600543e-02,-1.60471573e-01,-6.33090200e-02,1.27554641e-01,-7.53326769e-03,8.68408184e-02,1.67246363e-02,-1.52339108e-03,2.77113042e-02,1.27890088e-01,1.99697988e-02,1.07991037e-01,-4.86690300e-03,8.22580912e-02,-2.10940502e-02,9.03544394e-02,-2.27178260e-01,-1.16543299e-01,2.14173214e-02,-7.45989155e-02,7.63052694e-02,-1.07528207e-01,-5.08122772e-03,-1.04486687e-02,5.54901422e-02,2.46666214e-02,4.42716081e-02,2.23116064e-02,7.20287894e-02,1.39514870e-02,-8.34802615e-02,-9.32077318e-02,-3.57403716e-02,-2.48853530e-02,-1.28720063e-01,-2.34305022e-02,-2.74653597e-02,-1.08419306e-01,-3.74226620e-02,9.87476604e-02,-3.49532197e-02,-3.73438482e-02,3.94831843e-02,3.66231170e-02,-1.51015360e-01,-3.50446552e-02,-1.08701860e-01,-2.19623070e-02,-1.59031934e-01,1.31383483e-02,6.72177118e-02,3.23171559e-02,-1.51950509e-02,5.74005506e-02,-7.54505985e-02,-5.04454239e-02,1.21012997e-02,8.28088838e-02,-5.67365483e-02,1.11807812e-01,2.76956259e-01,4.06537229e-02,-1.02565193e-02,2.09879983e-02,-8.23031142e-02,-1.24033681e-02,-2.15818163e-02,-6.15381844e-02,-4.29562436e-02,-6.28269598e-02,2.02074015e-01,1.79157784e-01,-1.83485041e-01,-2.76829302e-02,5.29562199e-02,-1.33299083e-02,-6.00320072e-02,-2.81804487e-02,-1.00323675e-01,1.54052295e-02,5.05749126e-02,3.16662506e-02,-3.64477117e-02,-3.66681342e-02,1.13233425e-01,-6.50862749e-02,2.35267293e-02,1.25266927e-01,-1.58726302e-01,-4.34997698e-02,-3.53751158e-02,-6.07332289e-02,-3.37841598e-02,-2.62900685e-03,3.95820479e-02,-4.70348590e-02,-8.91066449e-02,-1.41368276e-02,7.42919015e-03,-1.52412997e-01,-1.41913607e-02,-3.41475807e-02,1.06958512e-01,5.41005713e-02,1.24415335e-01,-7.84021472e-02,2.31141700e-02,-3.67599887e-02,3.99789177e-02,1.56580199e-03,2.05236668e-01,6.24791899e-02,-1.41225850e-01,-1.18259422e-01,-9.74015160e-02,6.24651885e-02,-5.93035231e-02,-2.66301710e-02,-1.72723070e-04,6.06063274e-02,-3.76480622e-02,-6.43901856e-02,-3.46179196e-02,3.30977504e-02,3.99347585e-02,4.73382230e-02,-5.66217792e-02,2.11136418e-02,-1.86779074e-02,-7.95519112e-03,-1.24758032e-01,8.67365722e-03,1.55550467e-01,-1.24289593e-02,1.01598965e-01,-9.34582567e-03,-1.23953934e-02
-7.97129409e-02,-8.52819688e-03,-9.11144779e-03,-1.92998618e-02,6.21309250e-02,-1.24993062e-01,1.61550622e-01,6.21208306e-02,-7.97316389e-02,1.64333497e-01,-4.49716279e-02,-8.81008198e-02,4.18663242e-02,1.59181767e-01,-2.78065525e-02,9.38768381e-04,3.16488273e-02,-8.18710159e-02,-2.96904368e-02,6.48131305e-02,2.52417017e-02,2.66738823e-02,8.75520584e-02,-6.67416509e-02,-8.51949809e-02,4.46938710e-02,-7.01484881e-04,-8.08438898e-02,-6.03957560e-02,-3.76945381e-02,7.98676767e-02,3.84855402e-02,5.29995462e-03,-8.48309119e-02,3.91262362e-02,3.77633825e-01,4.83834208e-02,2.95368582e-02,-4.30386698e-02,-6.74425892e-02,2.29685646e-02,-1.59114907e-02,-2.96672229e-01,6.52348847e-02,4.72433488e-02,-1.13334513e-01,7.65041997e-02,1.01084423e-01,-2.59690375e-02,1.44295704e-01,2.40071048e-01,-5.99030335e-02,-7.16708638e-02,-4.96007066e-02,7.56709373e-02,1.51453361e-03,-4.03039615e-02,-4.29899871e-02,-1.94377876e-02,6.56255071e-02,-1.17563534e-01,-1.39470126e-01,1.34099141e-02,3.54000769e-02,-2.93317148e-02,-4.41884722e-02,-3.80485315e-02,-1.76505032e-02,-7.15883329e-02,-1.98469865e-03,-3.59712448e-02,-9.94732647e-02,3.03888165e-02,-2.69105912e-02,2.51741410e-03,2.98731466e-02,1.25754712e-01,-1.44683698e-02,1.39569976e-02,1.33667634e-02,6.43183804e-02,-9.94810759e-04,4.44024276e-03,3.63887913e-02,-8.92563873e-02,5.15099271e-02,9.88038085e-02,9.71365335e-02,-4.06337988e-02,1.37984411e-01,-1.08532508e-02,-3.33560842e-02,-8.19296812e-03,-1.72070060e-03,1.42389399e-02,-7.25181635e-02,4.78250113e-03,4.53625620e-02,1.86870979e-02,5.66233715e-02,-5.62167238e-02,9.55633767e-02,-2.30476326e-02,-6.98012848e-02,-1.41733600e-02,-1.04843448e-02,-4.86125088e-02,-1.00481691e-01,-5.40420392e-02,-1.14019047e-01,5.04727704e-02,2.93362948e-02,9.23989813e-02,-7.01627756e-02,-1.84443769e-02,5.74210050e-02,-3.94323663e-02,-7.69040926e-02,-1.95453309e-02,-4.99047703e-03,-2.08727016e-02,2.26742364e-02,5.04896420e-03,4.18881924e-02,9.60331244e-02,-3.11724513e-02,-5.42810468e-02,-1.07400828e-01,3.75525314e-02,3.08454957e-02,2.36554345e-01,5.68970699e-02,6.84044408e-03,-4.41397922e-02,8.76240758e-02,-1.09034696e-01,-6.47148876e-02,4.42187084e-02,1.04570902e-01,6.27056872e-02,-5.37539496e-02,-9.74059838e-02,-8.32220747e-02,-4.97249046e-02,-1.04375608e-01,5.83307905e-02,1.37013837e-01,7.05622610e-02,-2.05810931e-02,4.42310462e-02,1.18665649e-01,-5.69399821e-03,5.25614481e-02
9.77915665e-03,7.62068103e-02,-6.45908836e-02,7.20723793e-03,-1.44133724e-02,8.10045193e-02,-4.28283462e-02,4.48122239e-02,-6.27956018e-02,-2.49410146e-02,1.16202991e-03,-2.38991063e-02,7.85765812e-02,4.87087468e-02,-4.13474069e-02,6.28804473e-02,9.65180713e-02,-1.17455245e-01,8.85437681e-02,5.39947874e-02,-4.86730205e-02,6.21554865e-02,-3.03863670e-02,-7.46549447e-02,-7.97191411e-03,-9.07487776e-02,-7.92313402e-02,3.02296865e-02,5.40634631e-02,-1.60022452e-02,1.74347846e-03,-5.63844668e-02,4.07590380e-02,-9.14087692e-02,-8.51880593e-02,1.54001413e-02,-2.84209304e-02,8.63099638e-02,8.89265161e-02,1.09538212e-02,6.05271268e-02,-1.33811873e-01,-1.24875425e-01,-6.72149775e-02,-5.45140600e-02,6.78996423e-02,3.46025441e-03,8.76608369e-02,8.52970396e-02,-3.95159825e-02,2.14271305e-02,2.17467217e-02,-2.51500450e-02,-5.03547632e-02,5.00351551e-03,3.70955603e-02,-1.02786096e-03,-1.18890511e-02,1.00422874e-01,1.11432007e-01,-6.37079148e-02,3.06552508e-02,4.83543040e-02,3.00153979e-02,-4.83063674e-02,2.56214497e-01,-2.58957373e-01,1.22854586e-01,-3.04457050e-02,1.83560415e-04,-4.50340603e-02,-1.06604753e-01,2.57096247e-02,-2.76283056e-02,-9.85602025e-03,7.13914392e-02,-1.51102095e-02,3.07241675e-02,-3.74704337e-02,2.53113495e-02,-4.28775235e-02,-5.95729935e-02,3.02504973e-02,-2.71845730e-02,-4.89645933e-02,-6.48914395e-02,-4.17281615e-02,-2.81069666e-02,-9.47837952e-02,5.44747450e-02,-3.21489399e-02,5.41308240e-04,-1.47481159e-02,-9.03549441e-04,4.82032391e-02,1.75591041e-04,1.70705818e-02,2.01659509e-02,-4.88688194e-02,4.54916204e-02,-1.05837747e-01,6.55799841e-02,1.80690745e-02,2.06989781e-02,1.13335457e-01,-7.67335614e-02,2.65979575e-02,7.58765024e-02,1.23064030e-02,-8.67100974e-02,8.35789122e-02,5.96494269e-02,-7.49539186e-02,3.02034814e-02,1.23371553e-03,1.20944876e-02,-1.17143921e-03,6.71456966e-02,-2.95316816e-02,5.95467881e-02,3.44580217e-02,-8.15349712e-03,-3.89869099e-02,4.17495166e-02,7.91140385e-02,-2.74753303e-03,5.76209257e-02,-2.25111227e-01,5.60859565e-02,3.11604818e-03,-1.98163055e-01,1.33564407e-02,3.41209778e-02,-2.47418845e-02,7.71077342e-02,-3.89028620e-02,1.61416856e-01,-1.60607578e-01,-4.54727137e-03,9.44314546e-03,-6.30780056e-03,1.15631778e-01,-1.82653279e-05,5.91284404e-02,-5.24369311e-03,-1.25056097e-01,-2.27018839e-01,3.22259334e-01,9.55140264e-02,1.23441418e-01,-2.93412738e-01,4.55477746e-02,2.60117917e-04
-1.31609238e-01,-2.42118352e-02,-9.52341552e-02,-7.01000232e-02,-1.34138413e-02,2.54147454e-02,1.52125502e-03,2.78774332e-02,-7.50732139e-02,8.15908621e-03,3.92765462e-02,-1.50892759e-03,-3.20173976e-02,7.26796982e-02,-4.78010133e-03,-1.07446510e-01,8.64375881e-02,1.56291362e-01,-1.03095779e-01,-3.53924082e-02,9.52081418e-02,-1.59417187e-02,3.20420940e-02,-3.06404506e-02,-3.98577689e-02,-5.04153331e-02,-3.92985148e-02,-5.90261007e-02,-1.00470708e-01,-3.53468367e-02,3.34640970e-02,-9.53407160e-02,-1.47342044e-02,-1.30367895e-01,2.05862640e-02,-1.11116742e-02,7.59774876e-02,1.57111102e-02,-2.45492113e-02,4.80314857e-02,-3.53991173e-03,-1.43175225e-02,3.26326604e-01,-6.48532043e-02,2.50333595e-02,-2.18703885e-02,5.39359140e-02,-7.51542918e-02,1.15236259e-01,8.14451921e-02,2.49854290e-02,7.26331687e-04,1.22847299e-01,-3.85261772e-02,1.96098830e-02,-7.53195058e-02,-7.31283213e-02,-1.70056914e-01,-1.11412923e-01,7.74684307e-02,-1.12863763e-01,2.66337611e-01,3.86813370e-04,-3.27016474e-02,-3.31863194e-01,-1.45668862e-01,6.42666714e-02,-1.05869046e-02,4.40404975e-02,-8.38281578e-02,3.07040929e-02,-1.36654683e-01,-8.29163949e-02,-5.34519362e-02,-5.43335272e-02,-6.08628231e-03,7.09380392e-02,5.34154730e-03,1.47015230e-02,-1.13979596e-02,1.57685746e-02,-8.63889099e-02,-3.47675866e-02,2.48894828e-03,-3.97880943e-02,8.60930155e-02,-5.92010643e-02,2.66507242e-02,-3.72678430e-02,1.79408351e-02,9.62549961e-03,-7.28402949e-02,-4.42855011e-02,-8.93862037e-02,1.01748507e-02,1.54331738e-02,-3.92032587e-02,1.55319036e-02,6.79100363e-02,1.61570328e-02,1.62520266e-02,1.02572885e-02,4.22366034e-04,-1.24013879e-01,5.89147591e-02,6.59568937e-02,5.80212739e-02,-6.99201385e-02,-8.56255688e-02,1.26030705e-01,6.79920022e-02,2.17905515e-02,-3.29299242e-02,-1.39550605e-02,1.13999044e-01,1.03373983e-01,-6.50573922e-02,-1.52988545e-01,-3.88248080e-02,-2.18275693e-02,-5.19049461e-02,5.24871030e-02,4.98895599e-02,5.71697171e-03,-2.55939796e-02,-3.77155139e-02,1.71178619e-02,-1.51243226e-01,9.72522881e-03,-4.47051612e-02,-1.69453733e-01,-3.02922241e-03,3.11567821e-02,-9.44889403e-02,8.08892095e-02,-3.45061169e-02,1.00107044e-01,-1.28096071e-01,5.63276440e-02,1.05127274e-01,-7.89736470e-02,8.93371196e-02,7.29552681e-02,-7.11842008e-02,4.92711734e-02,5.19734363e-03,1.48385302e-01,-8.91472084e-02,1.20132106e-02,6.50898531e-03,-6.97024729e-02,-1.01923115e-02,-5.53230486e-03
1.04832519e-02,-9.23542247e-02,3.03186291e-02,5.90361247e-02,4.52363634e-02,-4.78880088e-02,-1.09412345e-01,-7.40582339e-03,-6.89536028e-02,-2.10519328e-01,1.92629203e-02,2.93909736e-02,3.57882225e-02,-1.12440385e-02,5.64032429e-02,3.90057015e-02,-4.19174614e-02,-4.29997402e-02,-4.25824092e-02,1.43250601e-01,5.72732747e-02,-8.99329028e-02,4.22315562e-02,-7.57482051e-03,-1.87363382e-01,-6.20465243e-02,-7.45866413e-02,5.39242768e-02,5.48451365e-02,-3.97155600e-02,-2.21206984e-02,-6.60855375e-02,-6.08498094e-02,-1.67556203e-01,-1.13290360e-01,-8.20950869e-02,-2.36132925e-02,-4.39072042e-02,4.97623755e-02,2.90077934e-02,6.58520016e-02,2.54246166e-02,-2.76333384e-02,1.03088426e-01,4.14291368e-02,2.41434811e-02,1.55177092e-01,-5.75921140e-02,1.59769508e-01,-1.62417860e-03,-8.28585401e-02,3.10613235e-03,-5.62525387e-02,-7.32830653e-04,4.06603510e-03,-8.22212487e-02,8.73994595e-02,-8.52319859e-02,-2.03549054e-01,3.88666058e-02,1.51869711e-01,5.92887450e-02,-1.00293329e-01,-3.53325520e-03,-1.33734094e-01,6.32983761e-02,-7.25494899e-02,-1.11872845e-01,1.14687917e-02,1.44396269e-01,-3.42870174e-03,5.19443825e-03,5.30722105e-02,7.21919756e-02,1.66821861e-02,7.52776985e-02,1.23944567e-02,-5.74619340e-02,7.49878172e-02,-2.39928936e-02,-2.54721387e-02,8.21912281e-02,2.14104746e-01,-2.88628260e-03,-4.22673992e-02,-2.23325755e-02,-7.29913961e-02,9.78933714e-03,-1.38952861e-01,4.65385939e-03,-5.16498562e-02,2.29816728e-01,1.02353753e-01,5.33986991e-02,-5.66563410e-02,-1.56798784e-01,-3.53544551e-02,2.84418912e-02,-9.48639248e-03,-5.84047014e-02,-9.30476802e-02,5.68822315e-03,-1.40146652e-02,9.68058037e-02,-3.49410561e-03,-2.97901074e-03,1.43413953e-02,-3.40540504e-02,3.20103291e-02,-2.04913177e-01,4.38119125e-02,-9.95521551e-02,-1.24153288e-01,-7.89211292e-02,3.53962840e-02,-5.33663449e-02,-5.02501697e-02,-2.57759272e-02,-2.92152958e-02,-5.30842770e-02,2.20271318e-02,2.16059141e-02,1.12185483e-01,-5.19994602e-02,5.08612933e-02,-7.60265997e-02,-3.45491617e-02,-1.21174626e-01,9.00003639e-02,-9.82510462e-02,1.20045609e-01,4.20573364e-02,-6.63285105e-02,-9.60986016e-02,3.99860242e-02,-1.48418023e-02,3.44039162e-02,7.91866071e-02,-1.39663941e-02,-1.24360825e-01,4.78871663e-02,-6.05028204e-02,-3.06431610e-02,5.57265226e-02,5.86087564e-02,7.14935704e-02,-7.15387575e-02,-1.86212985e-01,-1.49859180e-01,8.65356708e-03,7.64723607e-02,5.86432864e-02,3.27679924e-02
-1.81142325e-01,-5.09132394e-02,-7.01771231e-02,-2.12634498e-02,-2.88824475e-02,2.23122641e-03,3.73239159e-02,5.14264485e-02,-1.43421619e-02,2.57627518e-02,-5.68532005e-02,-1.17828748e-01,-1.83880792e-02,-1.23137183e-02,-7.62884095e-02,1.30676680e-01,-2.69271474e-02,-1.50188863e-02,-6.38635712e-02,-3.34754392e-02,-1.58458227e-01,9.52872027e-02,1.23594118e-01,-4.91993289e-02,-4.14469347e-02,-2.89396580e-03,-5.62852330e-02,4.19363664e-02,5.87283100e-03,2.65860752e-03,2.38272738e-02,-6.56917341e-02,-9.62362997e-04,-9.02928212e-03,-4.51508186e-02,2.40651822e-02,-3.58986823e-02,-6.16926304e-03,-1.75940327e-02,-3.91167994e-02,-7.51973221e-02,-1.62663031e-01,9.34401028e-03,2.67785810e-02,-2.58303337e-02,1.05539923e-01,-6.68127079e-02,8.35473251e-02,-1.40128074e-01,-6.39060717e-02,1.19596105e-02,-6.93016928e-02,-2.00567719e-01,-6.34611336e-02,1.83951896e-03,1.13187410e-01,3.33621336e-02,4.12946542e-02,3.29457076e-03,-9.24857670e-02,1.51557426e-01,1.82112484e-02,-4.10925031e-02,-1.10635772e-01,3.03588001e-02,-1.35488621e-01,5.15633988e-02,7.93061977e-02,-3.93227009e-02,9.21483594e-02,-1.51163795e-01,9.71626544e-02,6.53064818e-02,5.01582796e-03,-1.01803072e-01,-5.05638754e-03,7.43535816e-02,6.20428979e-02,-1.20940567e-01,-1.43114919e-02,-5.14953029e-02,1.17118236e-01,-7.63054586e-02,-6.59218211e-03,1.08855742e-02,3.38199615e-02,4.28756953e-02,-7.90630559e-02,6.88564821e-02,-1.03146096e-02,-2.36885279e-02,-1.34495598e-01,1.48849794e-02,-1.58878623e-02,-2.83101834e-02,-3.43610106e-02,4.99647100e-02,-5.35849292e-02,-1.45974645e-02,-6.66555598e-03,-9.58664689e-02,-6.74835445e-02,-2.40972650e-03,1.08554136e-01,3.80403045e-02,8.49523118e-03,-5.70440881e-02,-4.61792455e-02,-2.15229460e-01,2.26625123e-01,6.07421964e-02,-2.94468044e-02,-7.22161681e-02,-1.65989588e-02,-7.21409901e-02,6.24422987e-02,5.40911769e-02,-1.29970409e-02,-2.06630926e-02,1.25113696e-02,-1.97475457e-02,-3.49609339e-02,-5.69255111e-02,-3.23414867e-03,1.03297293e-01,-1.13032824e-03,7.62970138e-02,-1.51773614e-01,-1.03325829e-01,-5.67256828e-02,7.44313309e-02,2.21201522e-02,-8.12292453e-02,-3.83129238e-02,3.82712774e-02,-2.21508411e-02,3.18869770e-03,-3.23643865e-02,5.03488343e-02,-3.70404080e-02,6.33487740e-02,-3.75759246e-02,1.46246947e-01,-5.88075620e-04,2.30257832e-01,1.16953836e-01,-4.87325765e-02,-1.92450520e-01,-2.09912366e-01,5.45810765e-02,-2.27308407e-01,7.03089209e-02,7.44010497e-02
